{"stats":{"minecraft:used":{"minecraft:dirt":5},"minecraft:mined":{"minecraft:grass":2,"minecraft:grass_block":4,"minecraft:dirt":1},"minecraft:killed":{"minecraft:zombie":1},"minecraft:custom":{"minecraft:jump":22,"minecraft:time_since_rest":5289,"minecraft:leave_game":1,"minecraft:damage_dealt":192,"minecraft:crouch_one_cm":145,"minecraft:sprint_one_cm":1840,"minecraft:play_time":5289,"minecraft:damage_taken":200,"minecraft:time_since_death":5289,"minecraft:walk_one_cm":5312,"minecraft:sneak_time":36,"minecraft:total_world_time":5289,"minecraft:mob_kills":1,"minecraft:fly_one_cm":2094},"minecraft:picked_up":{"minecraft:rotten_flesh":2,"minecraft:dirt":5}},"DataVersion":3465}