{"stats":{"minecraft:mined":{"minecraft:grass":2,"minecraft:grass_block":4,"minecraft:dirt":1},"minecraft:custom":{"minecraft:time_since_rest":8543,"minecraft:crouch_one_cm":157,"minecraft:sprint_one_cm":2161,"minecraft:play_time":8543,"minecraft:damage_taken":200,"minecraft:walk_one_cm":10340,"minecraft:sneak_time":54,"minecraft:mob_kills":1,"minecraft:jump":29,"minecraft:damage_dealt":192,"minecraft:leave_game":2,"minecraft:time_since_death":8543,"minecraft:total_world_time":8543,"minecraft:fly_one_cm":2353},"minecraft:used":{"securitycraft:keypad_barrel":1,"securitycraft:sentry":3,"minecraft:dirt":5,"securitycraft:keypad_item":3,"securitycraft:scanner_door_item":1},"minecraft:picked_up":{"securitycraft:sentry":1,"securitycraft:keypad_item":1,"minecraft:rotten_flesh":2,"minecraft:dirt":5},"minecraft:killed":{"minecraft:zombie":1}},"DataVersion":3465}